[
  {
    "id": "bc30049f-7003-407e-b5ee-79bd7d1a81ff",
    "data": [
      {
        "text": "Can you tell me some breathing exercises?",
        "userDefined": false
      }
    ],
    "isTemplate": false,
    "count": 1,
    "lang": "en",
    "updated": 0
  },
  {
    "id": "d1b3576c-a27c-4f9f-ad28-ed14c1433995",
    "data": [
      {
        "text": "Help me practice breathing exercises.",
        "userDefined": false
      }
    ],
    "isTemplate": false,
    "count": 0,
    "lang": "en",
    "updated": 0
  },
  {
    "id": "b6709499-8f20-423a-9fdc-e5b9ec8a15d4",
    "data": [
      {
        "text": "I\u0027m interested in trying out breathing exercises.",
        "userDefined": false
      }
    ],
    "isTemplate": false,
    "count": 0,
    "lang": "en",
    "updated": 0
  },
  {
    "id": "0a1c0594-1244-44f2-92c5-e4a058b6a2d8",
    "data": [
      {
        "text": "Tell me about different breathing techniques.",
        "userDefined": false
      }
    ],
    "isTemplate": false,
    "count": 0,
    "lang": "en",
    "updated": 0
  },
  {
    "id": "e83a6b8b-6e34-4cad-8a75-8d0162e74bce",
    "data": [
      {
        "text": "Show me how to do breathing exercises.",
        "userDefined": false
      }
    ],
    "isTemplate": false,
    "count": 0,
    "lang": "en",
    "updated": 0
  },
  {
    "id": "1cb42ebd-09a1-4397-a61c-64e8f329432c",
    "data": [
      {
        "text": "I need guidance on breathing exercises.",
        "userDefined": false
      }
    ],
    "isTemplate": false,
    "count": 0,
    "lang": "en",
    "updated": 0
  },
  {
    "id": "3718a076-0a13-48af-a187-c0cd6b5a0fb9",
    "data": [
      {
        "text": "Could you recommend breathing exercises for relaxation?",
        "userDefined": false
      }
    ],
    "isTemplate": false,
    "count": 0,
    "lang": "en",
    "updated": 0
  },
  {
    "id": "f42a97a6-87ed-424b-bb68-7f1c1eb9a135",
    "data": [
      {
        "text": "Please share breathing exercises with me.\"",
        "userDefined": false
      }
    ],
    "isTemplate": false,
    "count": 0,
    "lang": "en",
    "updated": 0
  },
  {
    "id": "c9130c80-f3f4-4786-b0bc-32a62a48a71b",
    "data": [
      {
        "text": "What are some effective breathing exercises?",
        "userDefined": false
      }
    ],
    "isTemplate": false,
    "count": 0,
    "lang": "en",
    "updated": 0
  },
  {
    "id": "5002f6f2-3b8d-4008-ba2f-c2cc8c144456",
    "data": [
      {
        "text": "I\u0027d like to learn some breathing techniques",
        "userDefined": false
      }
    ],
    "isTemplate": false,
    "count": 0,
    "lang": "en",
    "updated": 0
  },
  {
    "id": "4954c626-3cee-4639-8a36-0377a688ae43",
    "data": [
      {
        "text": "Can you provide me with breathing exercises?",
        "userDefined": false
      }
    ],
    "isTemplate": false,
    "count": 0,
    "lang": "en",
    "updated": 0
  },
  {
    "id": "f1df46aa-ab33-4ace-aa0e-ec96a0903fee",
    "data": [
      {
        "text": "What are some calming techniques",
        "userDefined": false
      }
    ],
    "isTemplate": false,
    "count": 0,
    "lang": "en",
    "updated": 0
  },
  {
    "id": "619966cb-c8af-4b8f-80b1-5e0262e5e224",
    "data": [
      {
        "text": "How can I stay calm?",
        "userDefined": false
      }
    ],
    "isTemplate": false,
    "count": 0,
    "lang": "en",
    "updated": 0
  },
  {
    "id": "4aa98766-aa01-4a73-af0d-76321d88bab4",
    "data": [
      {
        "text": "Give me some breathing exercises",
        "userDefined": false
      }
    ],
    "isTemplate": false,
    "count": 0,
    "lang": "en",
    "updated": 0
  }
]