[
  {
    "id": "73979738-8df9-477f-ac09-3e16c2f3a8e9",
    "data": [
      {
        "text": "Are there any apps or tools that help with anxiety management?",
        "userDefined": false
      }
    ],
    "isTemplate": false,
    "count": 0,
    "lang": "en",
    "updated": 0
  },
  {
    "id": "3e360e7e-6ea1-41e1-96ce-e9b3703c6792",
    "data": [
      {
        "text": "Anxiety keeps me awake at night.",
        "userDefined": false
      }
    ],
    "isTemplate": false,
    "count": 0,
    "lang": "en",
    "updated": 0
  },
  {
    "id": "5a2b042d-ac84-4734-8948-7e82577b7cf5",
    "data": [
      {
        "text": "Certain situations trigger my anxiety, like public speaking.",
        "userDefined": false
      }
    ],
    "isTemplate": false,
    "count": 0,
    "lang": "en",
    "updated": 0
  },
  {
    "id": "9fac5d15-b213-4132-8fc5-a387e5abdd4d",
    "data": [
      {
        "text": "I experience physical symptoms like a rapid heartbeat when anxious.",
        "userDefined": false
      }
    ],
    "isTemplate": false,
    "count": 0,
    "lang": "en",
    "updated": 0
  },
  {
    "id": "8b3cbd1a-4d38-4fa8-9cb5-df465e9f3ad5",
    "data": [
      {
        "text": "What are some mindfulness techniques to reduce anxiety?",
        "userDefined": false
      }
    ],
    "isTemplate": false,
    "count": 0,
    "lang": "en",
    "updated": 0
  },
  {
    "id": "ac1c40a7-df0e-43b4-a915-f4d81124c6c8",
    "data": [
      {
        "text": "Tell me about deep breathing exercises for anxiety.",
        "userDefined": false
      }
    ],
    "isTemplate": false,
    "count": 0,
    "lang": "en",
    "updated": 0
  },
  {
    "id": "e876fbaf-6d9a-4614-9c7a-cd41a82e3698",
    "data": [
      {
        "text": "I\u0027m feeling anxious. What should I do?",
        "userDefined": false
      }
    ],
    "isTemplate": false,
    "count": 0,
    "lang": "en",
    "updated": 0
  },
  {
    "id": "0df48164-f79d-4bbe-9951-e302e4f951bd",
    "data": [
      {
        "text": "How can I cope with anxiety?",
        "userDefined": false
      }
    ],
    "isTemplate": false,
    "count": 0,
    "lang": "en",
    "updated": 0
  },
  {
    "id": "97543580-64a4-4238-ad0c-76ba515d1306",
    "data": [
      {
        "text": "Can you provide anxiety relief strategies?",
        "userDefined": false
      }
    ],
    "isTemplate": false,
    "count": 0,
    "lang": "en",
    "updated": 0
  },
  {
    "id": "0b114ab7-f587-4a38-b01e-64602d0e7be8",
    "data": [
      {
        "text": "I need tips for managing anxiety.",
        "userDefined": false
      }
    ],
    "isTemplate": false,
    "count": 0,
    "lang": "en",
    "updated": 0
  },
  {
    "id": "84c6645c-6cae-4ec7-947f-bd69dde7c688",
    "data": [
      {
        "text": "Help me with my anxiety.",
        "userDefined": false
      }
    ],
    "isTemplate": false,
    "count": 0,
    "lang": "en",
    "updated": 0
  }
]