[
  {
    "id": "282a5b3e-6c0e-4b47-8f38-bb7c2b9905f1",
    "data": [
      {
        "text": "Show me relaxation techniques.",
        "userDefined": false
      }
    ],
    "isTemplate": false,
    "count": 0,
    "lang": "en",
    "updated": 0
  },
  {
    "id": "8d479b9d-b0bb-45e1-bb59-8b9956573e29",
    "data": [
      {
        "text": "Can you teach me how to relax?",
        "userDefined": false
      }
    ],
    "isTemplate": false,
    "count": 0,
    "lang": "en",
    "updated": 0
  },
  {
    "id": "8c4f246e-18f0-4602-a30a-5edf333ec9e8",
    "data": [
      {
        "text": "I need help with relaxation.",
        "userDefined": false
      }
    ],
    "isTemplate": false,
    "count": 0,
    "lang": "en",
    "updated": 0
  },
  {
    "id": "b1276bd1-59b4-48cc-a414-e8e96e8790fd",
    "data": [
      {
        "text": "What are some ways to calm down?",
        "userDefined": false
      }
    ],
    "isTemplate": false,
    "count": 0,
    "lang": "en",
    "updated": 0
  },
  {
    "id": "15ddd01e-3d10-4d46-bce6-a0d84c81543a",
    "data": [
      {
        "text": "Tell me about relaxation methods.",
        "userDefined": false
      }
    ],
    "isTemplate": false,
    "count": 0,
    "lang": "en",
    "updated": 0
  },
  {
    "id": "f5b7edf6-cc96-4d93-b1b2-a249f40d6639",
    "data": [
      {
        "text": "How can I relieve stress?",
        "userDefined": false
      }
    ],
    "isTemplate": false,
    "count": 0,
    "lang": "en",
    "updated": 0
  },
  {
    "id": "c901b750-272f-49a6-ae62-99f26839519a",
    "data": [
      {
        "text": "Teach me relaxation exercises.",
        "userDefined": false
      }
    ],
    "isTemplate": false,
    "count": 0,
    "lang": "en",
    "updated": 0
  },
  {
    "id": "1c2b34c6-314e-4ffe-ae66-71761da6d659",
    "data": [
      {
        "text": "Give me relaxation tips.",
        "userDefined": false
      }
    ],
    "isTemplate": false,
    "count": 0,
    "lang": "en",
    "updated": 0
  },
  {
    "id": "9b6559b6-28b4-412b-a5f7-968c5c7b0a0e",
    "data": [
      {
        "text": "I want to learn how to relax.",
        "userDefined": false
      }
    ],
    "isTemplate": false,
    "count": 0,
    "lang": "en",
    "updated": 0
  },
  {
    "id": "2c6bd397-8f04-418b-b53a-b337c91ac29d",
    "data": [
      {
        "text": "Help me with relaxation techniques.",
        "userDefined": false
      }
    ],
    "isTemplate": false,
    "count": 0,
    "lang": "en",
    "updated": 0
  }
]