[
  {
    "id": "dae9799f-dd51-405c-b568-a222cc7e27df",
    "data": [
      {
        "text": "How do I handle stress at school?",
        "userDefined": false
      }
    ],
    "isTemplate": false,
    "count": 0,
    "lang": "en",
    "updated": 0
  },
  {
    "id": "65d2ad9e-48ac-4a6c-99f5-c0280d83436c",
    "data": [
      {
        "text": "How do I handle stress at work?",
        "userDefined": false
      }
    ],
    "isTemplate": false,
    "count": 0,
    "lang": "en",
    "updated": 0
  },
  {
    "id": "cde258d2-d20e-457b-a100-9e662682d3d1",
    "data": [
      {
        "text": "I\u0027m struggling with anxiety, can you provide coping tips?",
        "userDefined": false
      }
    ],
    "isTemplate": false,
    "count": 0,
    "lang": "en",
    "updated": 0
  },
  {
    "id": "43c0ddfa-49f3-4834-b1a5-2bb8918f7b8a",
    "data": [
      {
        "text": "What are some relaxation techniques for stress relief?",
        "userDefined": false
      }
    ],
    "isTemplate": false,
    "count": 0,
    "lang": "en",
    "updated": 0
  },
  {
    "id": "330726ed-b607-4671-8f62-556cc5d0d6bc",
    "data": [
      {
        "text": "Help me with coping strategies for difficult situations.",
        "userDefined": false
      }
    ],
    "isTemplate": false,
    "count": 0,
    "lang": "en",
    "updated": 0
  },
  {
    "id": "237e8af1-26df-4345-a503-73ca8e9d3961",
    "data": [
      {
        "text": "I\u0027m feeling overwhelmed, what can I do?",
        "userDefined": false
      }
    ],
    "isTemplate": false,
    "count": 0,
    "lang": "en",
    "updated": 0
  },
  {
    "id": "18e8f0ff-36ac-409a-b09f-a8278cd54936",
    "data": [
      {
        "text": "Tell me about coping mechanisms.",
        "userDefined": false
      }
    ],
    "isTemplate": false,
    "count": 0,
    "lang": "en",
    "updated": 0
  },
  {
    "id": "14a0efe2-acdc-48a4-b159-48078e7cd473",
    "data": [
      {
        "text": "How can I manage stress better?",
        "userDefined": false
      }
    ],
    "isTemplate": false,
    "count": 0,
    "lang": "en",
    "updated": 0
  },
  {
    "id": "980e7254-6cd4-4612-8985-a5dd68f1ceef",
    "data": [
      {
        "text": "Can you suggest ways to deal with anxiety?",
        "userDefined": false
      }
    ],
    "isTemplate": false,
    "count": 0,
    "lang": "en",
    "updated": 0
  },
  {
    "id": "868a3e97-bd85-4770-b732-ed91f776b0b1",
    "data": [
      {
        "text": "I need help with coping techniques.",
        "userDefined": false
      }
    ],
    "isTemplate": false,
    "count": 0,
    "lang": "en",
    "updated": 0
  },
  {
    "id": "03bb0838-676f-440d-9267-5c76f4181638",
    "data": [
      {
        "text": "What are some coping strategies for stress?",
        "userDefined": false
      }
    ],
    "isTemplate": false,
    "count": 0,
    "lang": "en",
    "updated": 0
  }
]