[
  {
    "id": "1cc05905-d5b4-485f-80a0-de1eeded0ea0",
    "data": [
      {
        "text": "Can you tell me about gratitude and self care?",
        "userDefined": false
      }
    ],
    "isTemplate": false,
    "count": 0,
    "lang": "en",
    "updated": 0
  },
  {
    "id": "5e7fcac0-d12f-43e9-b363-c9183e1aa15e",
    "data": [
      {
        "text": "I\u0027m just alright",
        "userDefined": false
      }
    ],
    "isTemplate": false,
    "count": 0,
    "lang": "en",
    "updated": 0
  },
  {
    "id": "ce8533be-19d3-4ca2-917c-9567eb124d9f",
    "data": [
      {
        "text": "I\u0027m feeling down.",
        "userDefined": false
      }
    ],
    "isTemplate": false,
    "count": 0,
    "lang": "en",
    "updated": 0
  },
  {
    "id": "a793ad82-b729-4e62-8cce-a636e3d2ca22",
    "data": [
      {
        "text": "I\u0027m feeling anxious.",
        "userDefined": false
      }
    ],
    "isTemplate": false,
    "count": 0,
    "lang": "en",
    "updated": 0
  },
  {
    "id": "f2cab835-531a-408c-bdb0-8864e01a95b3",
    "data": [
      {
        "text": "I\u0027m feeling a bit stressed.",
        "userDefined": false
      }
    ],
    "isTemplate": false,
    "count": 0,
    "lang": "en",
    "updated": 0
  },
  {
    "id": "73c9900e-29ae-472e-960a-abf717ee0099",
    "data": [
      {
        "text": "I\u0027m feeling better now.",
        "userDefined": false
      }
    ],
    "isTemplate": false,
    "count": 0,
    "lang": "en",
    "updated": 0
  },
  {
    "id": "cb9a6384-5cb6-4248-8143-5c16173f9af7",
    "data": [
      {
        "text": "I\u0027m feeling alright.",
        "userDefined": false
      }
    ],
    "isTemplate": false,
    "count": 0,
    "lang": "en",
    "updated": 0
  },
  {
    "id": "4302e3c8-7bef-40a6-8ab8-57f5fcea9a14",
    "data": [
      {
        "text": "I\u0027m doing well.",
        "userDefined": false
      }
    ],
    "isTemplate": false,
    "count": 0,
    "lang": "en",
    "updated": 0
  },
  {
    "id": "f2cc24b0-fa39-44d4-84de-a13edbad4ced",
    "data": [
      {
        "text": "I\u0027m feeling fine.",
        "userDefined": false
      }
    ],
    "isTemplate": false,
    "count": 0,
    "lang": "en",
    "updated": 0
  },
  {
    "id": "049bd73e-6f68-46e0-8c2c-cf6ac5f67349",
    "data": [
      {
        "text": "I\u0027m not okay.",
        "userDefined": false
      }
    ],
    "isTemplate": false,
    "count": 0,
    "lang": "en",
    "updated": 0
  },
  {
    "id": "0f94f84b-918d-4ad0-bc28-5e5ec4f9e320",
    "data": [
      {
        "text": "I\u0027m okay.",
        "userDefined": false
      }
    ],
    "isTemplate": false,
    "count": 0,
    "lang": "en",
    "updated": 0
  },
  {
    "id": "5bc36261-e8e3-4d76-9d96-2e728fe9429d",
    "data": [
      {
        "text": "I\u0027m good.",
        "userDefined": false
      }
    ],
    "isTemplate": false,
    "count": 0,
    "lang": "en",
    "updated": 0
  }
]