[
  {
    "id": "b5cf7f08-617a-433b-88fb-2966f802bb86",
    "data": [
      {
        "text": "I\u0027m struggling with self-esteem, can you provide guidance?",
        "userDefined": false
      }
    ],
    "isTemplate": false,
    "count": 0,
    "lang": "en",
    "updated": 0
  },
  {
    "id": "46ee6dd1-476d-4e5b-a327-5b811504be3f",
    "data": [
      {
        "text": "Teach me about the power of gratitude.",
        "userDefined": false
      }
    ],
    "isTemplate": false,
    "count": 0,
    "lang": "en",
    "updated": 0
  },
  {
    "id": "4cad933f-1817-4343-9090-0c67655667b2",
    "data": [
      {
        "text": "What can I do to show self-compassion?",
        "userDefined": false
      }
    ],
    "isTemplate": false,
    "count": 0,
    "lang": "en",
    "updated": 0
  },
  {
    "id": "ff4ca2ae-5def-4cbc-82b3-1d9b8b5a8282",
    "data": [
      {
        "text": "Help me with self-love exercises.",
        "userDefined": false
      }
    ],
    "isTemplate": false,
    "count": 0,
    "lang": "en",
    "updated": 0
  },
  {
    "id": "d98dd2b6-aa87-461a-a6b4-f0b51f286097",
    "data": [
      {
        "text": "How do I develop a positive self-image?",
        "userDefined": false
      }
    ],
    "isTemplate": false,
    "count": 0,
    "lang": "en",
    "updated": 0
  },
  {
    "id": "5c94fc56-e583-4ade-b083-187bb24adcc0",
    "data": [
      {
        "text": "Can you recommend ways to cultivate gratitude?",
        "userDefined": false
      }
    ],
    "isTemplate": false,
    "count": 0,
    "lang": "en",
    "updated": 0
  },
  {
    "id": "e643d8cd-aa2b-48a7-98ae-24d0019e4d4d",
    "data": [
      {
        "text": "I want to learn self-care practices.",
        "userDefined": false
      }
    ],
    "isTemplate": false,
    "count": 0,
    "lang": "en",
    "updated": 0
  },
  {
    "id": "6510efef-bf19-4170-bce3-f90c4a534518",
    "data": [
      {
        "text": "What are the benefits of gratitude?",
        "userDefined": false
      }
    ],
    "isTemplate": false,
    "count": 0,
    "lang": "en",
    "updated": 0
  },
  {
    "id": "b8c4c65b-861c-4fdd-a399-e32a52eeab02",
    "data": [
      {
        "text": "Tell me about self-love techniques.",
        "userDefined": false
      }
    ],
    "isTemplate": false,
    "count": 0,
    "lang": "en",
    "updated": 0
  },
  {
    "id": "b5e0fb3c-7ecd-4e5e-895a-10b391f98d2c",
    "data": [
      {
        "text": "How can I practice gratitude?",
        "userDefined": false
      }
    ],
    "isTemplate": false,
    "count": 0,
    "lang": "en",
    "updated": 0
  }
]