[
  {
    "id": "4efbd729-49c7-4d76-b682-6abb658894c4",
    "data": [
      {
        "text": "I\u0027m feeling stressed, can you help me relax?",
        "userDefined": false
      }
    ],
    "isTemplate": false,
    "count": 0,
    "lang": "en",
    "updated": 0
  },
  {
    "id": "f5300ce6-e367-4184-add4-dac285af90af",
    "data": [
      {
        "text": "What are some mindfulness practices?",
        "userDefined": false
      }
    ],
    "isTemplate": false,
    "count": 0,
    "lang": "en",
    "updated": 0
  },
  {
    "id": "e0179123-9d3c-49f8-a255-abcb001b31c3",
    "data": [
      {
        "text": "Can you recommend a mindful breathing exercise?",
        "userDefined": false
      }
    ],
    "isTemplate": false,
    "count": 0,
    "lang": "en",
    "updated": 0
  },
  {
    "id": "533096e1-8e17-4e8f-9cbd-9a868be610d2",
    "data": [
      {
        "text": "Teach me mindfulness exercises.",
        "userDefined": false
      }
    ],
    "isTemplate": false,
    "count": 0,
    "lang": "en",
    "updated": 0
  },
  {
    "id": "4aca9c4e-3678-4f8f-9a86-cd044bbe2d21",
    "data": [
      {
        "text": "I need help with mindfulness exercises.",
        "userDefined": false
      }
    ],
    "isTemplate": false,
    "count": 0,
    "lang": "en",
    "updated": 0
  },
  {
    "id": "976f2511-3630-4705-aba0-411bc4978b80",
    "data": [
      {
        "text": "How can I start practicing mindfulness?",
        "userDefined": false
      }
    ],
    "isTemplate": false,
    "count": 0,
    "lang": "en",
    "updated": 0
  },
  {
    "id": "3c24a86a-6f4d-45f4-8520-c0e455ef7040",
    "data": [
      {
        "text": "Tell me about mindfulness techniques.",
        "userDefined": false
      }
    ],
    "isTemplate": false,
    "count": 0,
    "lang": "en",
    "updated": 0
  },
  {
    "id": "45fa16ee-55db-47e0-bf39-e839aa3d5d4a",
    "data": [
      {
        "text": "Can you guide me through a mindfulness meditation?",
        "userDefined": false
      }
    ],
    "isTemplate": false,
    "count": 0,
    "lang": "en",
    "updated": 0
  },
  {
    "id": "a21b2ceb-439f-4fd4-ad15-4edc9b0f63a1",
    "data": [
      {
        "text": "\"I want to practice mindfulness.",
        "userDefined": false
      }
    ],
    "isTemplate": false,
    "count": 0,
    "lang": "en",
    "updated": 0
  },
  {
    "id": "c1d2fc73-ade7-4912-a951-1ffe85e54e8b",
    "data": [
      {
        "text": "Show me a mindfulness exercise.",
        "userDefined": false
      }
    ],
    "isTemplate": false,
    "count": 0,
    "lang": "en",
    "updated": 0
  }
]