[
  {
    "id": "90a5fbb7-1503-453b-a63c-1aea0324e18b",
    "data": [
      {
        "text": "give me stress management strategies",
        "userDefined": false
      }
    ],
    "isTemplate": false,
    "count": 0,
    "lang": "en",
    "updated": 0
  },
  {
    "id": "ce08b38e-b507-432c-b204-4b5df4ae9b83",
    "data": [
      {
        "text": "how can I manage stress?",
        "userDefined": false
      }
    ],
    "isTemplate": false,
    "count": 0,
    "lang": "en",
    "updated": 0
  },
  {
    "id": "65355bbc-f9d2-48a3-97a0-93e5434d1a33",
    "data": [
      {
        "text": "stress management tips",
        "userDefined": false
      }
    ],
    "isTemplate": false,
    "count": 0,
    "lang": "en",
    "updated": 0
  },
  {
    "id": "c3360fd3-f435-49d8-865d-68fecdb0944f",
    "data": [
      {
        "text": "help me with stress management",
        "userDefined": false
      }
    ],
    "isTemplate": false,
    "count": 0,
    "lang": "en",
    "updated": 0
  },
  {
    "id": "874625eb-1188-4b60-ba55-7f6179f7eb77",
    "data": [
      {
        "text": "stress management",
        "userDefined": false
      }
    ],
    "isTemplate": false,
    "count": 0,
    "lang": "en",
    "updated": 0
  }
]